{"mean":{"confidence_interval":{"confidence_level":0.95,"lower_bound":-0.24363348151589878,"upper_bound":-0.10572849754356027},"point_estimate":-0.17699397247791882,"standard_error":0.03527734714442191},"median":{"confidence_interval":{"confidence_level":0.95,"lower_bound":-0.3982307576975088,"upper_bound":-0.053663066199586384},"point_estimate":-0.14493943310238933,"standard_error":0.10594515082037759}}