{"mean":{"confidence_interval":{"confidence_level":0.95,"lower_bound":0.3479104379525314,"upper_bound":0.6378001059847571},"point_estimate":0.4861953426101848,"standard_error":0.07414799465046308},"median":{"confidence_interval":{"confidence_level":0.95,"lower_bound":0.9267446349385273,"upper_bound":1.0521841625626855},"point_estimate":0.9958366080772512,"standard_error":0.06232562563877872}}