{"mean":{"confidence_interval":{"confidence_level":0.95,"lower_bound":354424.487591589,"upper_bound":398273.5294582136},"point_estimate":375623.613769503,"standard_error":11221.37449291627},"median":{"confidence_interval":{"confidence_level":0.95,"lower_bound":310208.25396825396,"upper_bound":356789.02192982455},"point_estimate":338105.2860998651,"standard_error":12279.15943536094},"median_abs_dev":{"confidence_interval":{"confidence_level":0.95,"lower_bound":48788.30198616786,"upper_bound":104185.04259959316},"point_estimate":84922.44916833298,"standard_error":16052.008517109447},"slope":{"confidence_interval":{"confidence_level":0.95,"lower_bound":385915.23164153344,"upper_bound":457695.21519112535},"point_estimate":422119.5277582385,"standard_error":18308.206540904175},"std_dev":{"confidence_interval":{"confidence_level":0.95,"lower_bound":91817.59868075539,"upper_bound":129868.17255555712},"point_estimate":112442.26640694306,"standard_error":9711.974022311435}}