{"mean":{"confidence_interval":{"confidence_level":0.95,"lower_bound":1653844.31162069,"upper_bound":1814099.6485603445},"point_estimate":1732299.793448275,"standard_error":40904.269527849225},"median":{"confidence_interval":{"confidence_level":0.95,"lower_bound":1618840.9310344828,"upper_bound":1819000.672413793},"point_estimate":1768371.206896552,"standard_error":54294.25734692695},"median_abs_dev":{"confidence_interval":{"confidence_level":0.95,"lower_bound":305567.27989233774,"upper_bound":468421.81246660906},"point_estimate":408300.56862707797,"standard_error":40084.11819805998},"slope":null,"std_dev":{"confidence_interval":{"confidence_level":0.95,"lower_bound":334008.20619832986,"upper_bound":491187.27253998467},"point_estimate":411692.11630848836,"standard_error":40566.968450298526}}