{"mean":{"confidence_interval":{"confidence_level":0.95,"lower_bound":260692.28536631013,"upper_bound":285798.94453876995},"point_estimate":273162.8925668449,"standard_error":6406.89390424347},"median":{"confidence_interval":{"confidence_level":0.95,"lower_bound":235014.33155080213,"upper_bound":281916.73796791444},"point_estimate":260143.51871657756,"standard_error":10775.497388820406},"median_abs_dev":{"confidence_interval":{"confidence_level":0.95,"lower_bound":33349.36595766303,"upper_bound":94298.94780714247},"point_estimate":63531.18878493019,"standard_error":12876.561855784628},"slope":null,"std_dev":{"confidence_interval":{"confidence_level":0.95,"lower_bound":56685.77016008237,"upper_bound":71491.42268796261},"point_estimate":64495.341743332814,"standard_error":3781.2408391037775}}