{"mean":{"confidence_interval":{"confidence_level":0.95,"lower_bound":212558.73255580358,"upper_bound":233109.84164620555},"point_estimate":222662.24709821437,"standard_error":5235.932288824997},"median":{"confidence_interval":{"confidence_level":0.95,"lower_bound":199378.26339285713,"upper_bound":231855.53125},"point_estimate":215377.81473214284,"standard_error":8122.254695852181},"median_abs_dev":{"confidence_interval":{"confidence_level":0.95,"lower_bound":38803.86738296863,"upper_bound":76660.67439212598},"point_estimate":58758.041434961226,"standard_error":8971.267365552898},"slope":null,"std_dev":{"confidence_interval":{"confidence_level":0.95,"lower_bound":45062.79131822523,"upper_bound":59785.566220745444},"point_estimate":52830.214199925394,"standard_error":3773.365586881235}}