{"mean":{"confidence_interval":{"confidence_level":0.95,"lower_bound":-0.525404296820302,"upper_bound":-0.4883826238388676},"point_estimate":-0.5077040000415112,"standard_error":0.009429022742776393},"median":{"confidence_interval":{"confidence_level":0.95,"lower_bound":-0.5187872620946756,"upper_bound":-0.49922815419481614},"point_estimate":-0.506189533886739,"standard_error":0.004680076716113795}}