{"mean":{"confidence_interval":{"confidence_level":0.95,"lower_bound":-0.13318989825117825,"upper_bound":0.058052233550100744},"point_estimate":-0.042747038433244455,"standard_error":0.04878135185679076},"median":{"confidence_interval":{"confidence_level":0.95,"lower_bound":-0.23072716545103955,"upper_bound":0.010911953490225335},"point_estimate":-0.09928983942119485,"standard_error":0.06201872891937055}}