{"mean":{"confidence_interval":{"confidence_level":0.95,"lower_bound":0.08007172230048203,"upper_bound":0.3244236001858702},"point_estimate":0.19340802185949246,"standard_error":0.062163986843742323},"median":{"confidence_interval":{"confidence_level":0.95,"lower_bound":0.3061174971304881,"upper_bound":0.9317092526612158},"point_estimate":0.8583249403180528,"standard_error":0.15774516499695726}}