{"mean":{"confidence_interval":{"confidence_level":0.95,"lower_bound":-0.3843721858049704,"upper_bound":-0.26511822535696283},"point_estimate":-0.32575486318932834,"standard_error":0.030355790147131335},"median":{"confidence_interval":{"confidence_level":0.95,"lower_bound":-0.5114163562298752,"upper_bound":-0.46374963498364496},"point_estimate":-0.4916975154809675,"standard_error":0.011672586139229372}}