{"mean":{"confidence_interval":{"confidence_level":0.95,"lower_bound":0.018968440962964926,"upper_bound":0.206256827410276},"point_estimate":0.11184142693045107,"standard_error":0.04803034783019486},"median":{"confidence_interval":{"confidence_level":0.95,"lower_bound":0.0462463514214686,"upper_bound":0.10569138665108739},"point_estimate":0.0658364668034539,"standard_error":0.014436986750445092}}