{"mean":{"confidence_interval":{"confidence_level":0.95,"lower_bound":263650.6647035928,"upper_bound":291893.7049805388},"point_estimate":277569.635269461,"standard_error":7195.988281811243},"median":{"confidence_interval":{"confidence_level":0.95,"lower_bound":232309.13173652696,"upper_bound":298786.86826347304},"point_estimate":263478.0209580838,"standard_error":21150.125143023488},"median_abs_dev":{"confidence_interval":{"confidence_level":0.95,"lower_bound":47398.20180462147,"upper_bound":101950.05057744992},"point_estimate":59469.04694780622,"standard_error":12662.412645102693},"slope":null,"std_dev":{"confidence_interval":{"confidence_level":0.95,"lower_bound":62604.83556380961,"upper_bound":80853.89887091899},"point_estimate":72285.06926389932,"standard_error":4664.166413957842}}