{"mean":{"confidence_interval":{"confidence_level":0.95,"lower_bound":276033.4946044304,"upper_bound":308120.20664715196},"point_estimate":291792.3501898735,"standard_error":8165.749947421782},"median":{"confidence_interval":{"confidence_level":0.95,"lower_bound":241604.81012658228,"upper_bound":291977.87341772154},"point_estimate":269050.35126582277,"standard_error":10764.868031527816},"median_abs_dev":{"confidence_interval":{"confidence_level":0.95,"lower_bound":40751.74222398032,"upper_bound":93106.10927471016},"point_estimate":67830.70821032123,"standard_error":14070.017095086476},"slope":null,"std_dev":{"confidence_interval":{"confidence_level":0.95,"lower_bound":67832.6187907693,"upper_bound":96877.11651175782},"point_estimate":82147.3182293518,"standard_error":7459.217335111647}}