{"mean":{"confidence_interval":{"confidence_level":0.95,"lower_bound":0.28336446769990375,"upper_bound":0.62809696370199},"point_estimate":0.4465379156786795,"standard_error":0.0880242163496627},"median":{"confidence_interval":{"confidence_level":0.95,"lower_bound":0.2487133026483761,"upper_bound":1.2689173332726664},"point_estimate":0.5789664214743748,"standard_error":0.2781879107035772}}