{"mean":{"confidence_interval":{"confidence_level":0.95,"lower_bound":-0.36827609571306885,"upper_bound":-0.25187449005818213},"point_estimate":-0.3138657022587825,"standard_error":0.029600342823786974},"median":{"confidence_interval":{"confidence_level":0.95,"lower_bound":-0.5185890230434588,"upper_bound":-0.3358400052588151},"point_estimate":-0.49967619652169404,"standard_error":0.04206893391670444}}