{"mean":{"confidence_interval":{"confidence_level":0.95,"lower_bound":0.07127874848091414,"upper_bound":0.2126021018560814},"point_estimate":0.1376951401155071,"standard_error":0.0360240746949064},"median":{"confidence_interval":{"confidence_level":0.95,"lower_bound":-0.06682039772372406,"upper_bound":0.05881864707778717},"point_estimate":-0.01858226010193631,"standard_error":0.03480197275396075}}