{"mean":{"confidence_interval":{"confidence_level":0.95,"lower_bound":251907.998558908,"upper_bound":277191.5802571839},"point_estimate":264311.13678160927,"standard_error":6459.573333967117},"median":{"confidence_interval":{"confidence_level":0.95,"lower_bound":226200.75574712642,"upper_bound":264467.8074712644},"point_estimate":226686.9856321839,"standard_error":10574.861674093992},"median_abs_dev":{"confidence_interval":{"confidence_level":0.95,"lower_bound":1585.9133339133955,"upper_bound":69095.37887676014},"point_estimate":51425.65440252937,"standard_error":20181.11706451178},"slope":null,"std_dev":{"confidence_interval":{"confidence_level":0.95,"lower_bound":55993.49775055608,"upper_bound":73545.19733917923},"point_estimate":65241.28135683136,"standard_error":4462.8704779888185}}