{"mean":{"confidence_interval":{"confidence_level":0.95,"lower_bound":287719.5433457446,"upper_bound":316572.0189893617},"point_estimate":302060.03861702135,"standard_error":7339.912770792539},"median":{"confidence_interval":{"confidence_level":0.95,"lower_bound":279429.77034574474,"upper_bound":321560.72872340423},"point_estimate":300903.8085106383,"standard_error":8443.792570814885},"median_abs_dev":{"confidence_interval":{"confidence_level":0.95,"lower_bound":63544.459627711396,"upper_bound":106882.59575883763},"point_estimate":93415.96275908833,"standard_error":11992.961814609303},"slope":null,"std_dev":{"confidence_interval":{"confidence_level":0.95,"lower_bound":65205.58810063417,"upper_bound":81659.89842260635},"point_estimate":73997.41929337056,"standard_error":4204.971348657711}}