{"mean":{"confidence_interval":{"confidence_level":0.95,"lower_bound":-0.0005204533684920478,"upper_bound":0.19373442389169698},"point_estimate":0.09337850047232332,"standard_error":0.04918658751974733},"median":{"confidence_interval":{"confidence_level":0.95,"lower_bound":0.07744896266955448,"upper_bound":0.23571439049429666},"point_estimate":0.1719561200927182,"standard_error":0.04142779635694351}}