{"mean":{"confidence_interval":{"confidence_level":0.95,"lower_bound":284452.541244012,"upper_bound":308834.1442125749},"point_estimate":296729.7924550898,"standard_error":6220.762177198257},"median":{"confidence_interval":{"confidence_level":0.95,"lower_bound":289435.48502994014,"upper_bound":298725.7604790419},"point_estimate":290129.9730538922,"standard_error":2450.301385486261},"median_abs_dev":{"confidence_interval":{"confidence_level":0.95,"lower_bound":23203.02594739039,"upper_bound":56940.9787298141},"point_estimate":34231.83957070646,"standard_error":8053.052167748507},"slope":null,"std_dev":{"confidence_interval":{"confidence_level":0.95,"lower_bound":51459.79566088821,"upper_bound":71887.90791607481},"point_estimate":62453.95468948409,"standard_error":5230.977235155106}}