{"mean":{"confidence_interval":{"confidence_level":0.95,"lower_bound":277583.10163622774,"upper_bound":307508.43744610756},"point_estimate":292447.1906586827,"standard_error":7637.809688135597},"median":{"confidence_interval":{"confidence_level":0.95,"lower_bound":234523.50299401197,"upper_bound":304782.748502994},"point_estimate":281842.91916167666,"standard_error":17600.566857197064},"median_abs_dev":{"confidence_interval":{"confidence_level":0.95,"lower_bound":43272.69869882189,"upper_bound":104452.10227314934},"point_estimate":78086.8271897296,"standard_error":15205.219454410284},"slope":null,"std_dev":{"confidence_interval":{"confidence_level":0.95,"lower_bound":68290.42421906187,"upper_bound":84585.2078486612},"point_estimate":76956.69099148473,"standard_error":4155.006546143102}}