{"mean":{"confidence_interval":{"confidence_level":0.95,"lower_bound":267585.65678285726,"upper_bound":292090.3439571428},"point_estimate":279818.8560571429,"standard_error":6249.623437039363},"median":{"confidence_interval":{"confidence_level":0.95,"lower_bound":252738.44,"upper_bound":286901.29714285716},"point_estimate":274911.77142857143,"standard_error":7897.980944945243},"median_abs_dev":{"confidence_interval":{"confidence_level":0.95,"lower_bound":43731.01874761918,"upper_bound":84348.43776251587},"point_estimate":68107.83855884416,"standard_error":9612.59822229626},"slope":null,"std_dev":{"confidence_interval":{"confidence_level":0.95,"lower_bound":55487.4257434086,"upper_bound":68763.43169780905},"point_estimate":62577.68700645453,"standard_error":3374.8037905276165}}