{"mean":{"confidence_interval":{"confidence_level":0.95,"lower_bound":277398.1857349399,"upper_bound":307623.6673343374},"point_estimate":292340.6071686748,"standard_error":7691.186691615156},"median":{"confidence_interval":{"confidence_level":0.95,"lower_bound":262859.9759036145,"upper_bound":305010.421686747},"point_estimate":280677.2289156626,"standard_error":11716.21650709631},"median_abs_dev":{"confidence_interval":{"confidence_level":0.95,"lower_bound":58414.73481308181,"upper_bound":105796.9051096813},"point_estimate":72402.21150677247,"standard_error":12785.367750730946},"slope":null,"std_dev":{"confidence_interval":{"confidence_level":0.95,"lower_bound":66780.35668475021,"upper_bound":87423.69014870079},"point_estimate":77531.28498011746,"standard_error":5291.521416943906}}