{"mean":{"confidence_interval":{"confidence_level":0.95,"lower_bound":0.21386139183409647,"upper_bound":0.5356217312183708},"point_estimate":0.365382178741966,"standard_error":0.08281446088553382},"median":{"confidence_interval":{"confidence_level":0.95,"lower_bound":0.29969982094057346,"upper_bound":1.0780616229907354},"point_estimate":0.9828656695996756,"standard_error":0.20692606340106443}}