{"mean":{"confidence_interval":{"confidence_level":0.95,"lower_bound":117893.59665927978,"upper_bound":133646.8332409972},"point_estimate":125522.49844875348,"standard_error":4025.3301781493647},"median":{"confidence_interval":{"confidence_level":0.95,"lower_bound":103011.38781163434,"upper_bound":109321.14819944598},"point_estimate":104896.50277008311,"standard_error":1570.2799368807764},"median_abs_dev":{"confidence_interval":{"confidence_level":0.95,"lower_bound":8275.024973033533,"upper_bound":17346.40121087638},"point_estimate":10892.596295814448,"standard_error":2290.5251268348898},"slope":null,"std_dev":{"confidence_interval":{"confidence_level":0.95,"lower_bound":33002.871104740174,"upper_bound":46196.755696802065},"point_estimate":40325.58649150305,"standard_error":3360.974717762521}}