{"mean":{"confidence_interval":{"confidence_level":0.95,"lower_bound":1522143.3976048385,"upper_bound":1680892.9626612898},"point_estimate":1601489.7954838704,"standard_error":40381.901935826034},"median":{"confidence_interval":{"confidence_level":0.95,"lower_bound":1400866.370967742,"upper_bound":1720460.5806451612},"point_estimate":1574721.3225806453,"standard_error":66379.70032833877},"median_abs_dev":{"confidence_interval":{"confidence_level":0.95,"lower_bound":354120.318922785,"upper_bound":563712.5598275854},"point_estimate":397318.9778332746,"standard_error":56042.62850475506},"slope":null,"std_dev":{"confidence_interval":{"confidence_level":0.95,"lower_bound":356801.4074860442,"upper_bound":450001.6886616642},"point_estimate":405244.4764398748,"standard_error":23814.735195835266}}