{"mean":{"confidence_interval":{"confidence_level":0.95,"lower_bound":-0.3318979464010432,"upper_bound":-0.1772392781252743},"point_estimate":-0.2579222878297417,"standard_error":0.0394967105674379},"median":{"confidence_interval":{"confidence_level":0.95,"lower_bound":-0.48433972726555685,"upper_bound":-0.3917069165260275},"point_estimate":-0.46898825237020814,"standard_error":0.03644717633239299}}