{"mean":{"confidence_interval":{"confidence_level":0.95,"lower_bound":279504.0491434911,"upper_bound":312253.40892603545},"point_estimate":295714.9240828401,"standard_error":8363.665753213412},"median":{"confidence_interval":{"confidence_level":0.95,"lower_bound":232543.62426035502,"upper_bound":302873.6153846154},"point_estimate":281901.8639053254,"standard_error":19115.4757238219},"median_abs_dev":{"confidence_interval":{"confidence_level":0.95,"lower_bound":56187.946645659795,"upper_bound":105940.50580912089},"point_estimate":76980.24888303148,"standard_error":15534.791217794374},"slope":null,"std_dev":{"confidence_interval":{"confidence_level":0.95,"lower_bound":72800.67916519762,"upper_bound":94799.75124697888},"point_estimate":84066.81233750506,"standard_error":5635.555870372104}}