{"mean":{"confidence_interval":{"confidence_level":0.95,"lower_bound":1859341.601777777,"upper_bound":2046410.6073055547},"point_estimate":1950848.6285185185,"standard_error":47789.41237726148},"median":{"confidence_interval":{"confidence_level":0.95,"lower_bound":1789613.5555555555,"upper_bound":2070199.462962963},"point_estimate":1960083.5185185187,"standard_error":71590.2830099478},"median_abs_dev":{"confidence_interval":{"confidence_level":0.95,"lower_bound":381004.4990913734,"upper_bound":659691.0674992535},"point_estimate":609030.9833208721,"standard_error":80182.78556748375},"slope":null,"std_dev":{"confidence_interval":{"confidence_level":0.95,"lower_bound":387682.9576920731,"upper_bound":572529.8473215076},"point_estimate":479691.37438817386,"standard_error":47500.51311462568}}