{"mean":{"confidence_interval":{"confidence_level":0.95,"lower_bound":168504.468202381,"upper_bound":196188.43063214282},"point_estimate":181716.8781904762,"standard_error":7073.241610542802},"median":{"confidence_interval":{"confidence_level":0.95,"lower_bound":145685.39523809523,"upper_bound":147946.20238095237},"point_estimate":146501.06666666665,"standard_error":599.2523795420107},"median_abs_dev":{"confidence_interval":{"confidence_level":0.95,"lower_bound":1285.3929971797236,"upper_bound":4265.496251272319},"point_estimate":2331.5296586070504,"standard_error":792.9697939499107},"slope":null,"std_dev":{"confidence_interval":{"confidence_level":0.95,"lower_bound":55954.526844473265,"upper_bound":83220.39287975407},"point_estimate":71121.80557948636,"standard_error":6953.351537497296}}