{"mean":{"confidence_interval":{"confidence_level":0.95,"lower_bound":-0.333626522659722,"upper_bound":-0.1411813074105034},"point_estimate":-0.24262060939198915,"standard_error":0.049175772076189804},"median":{"confidence_interval":{"confidence_level":0.95,"lower_bound":-0.31641555016788203,"upper_bound":-0.01512097025938941},"point_estimate":-0.03399372117683963,"standard_error":0.07705126283288756}}