{"mean":{"confidence_interval":{"confidence_level":0.95,"lower_bound":56064.72928315923,"upper_bound":66007.67343497416},"point_estimate":60899.78957745004,"standard_error":2539.198300298541},"median":{"confidence_interval":{"confidence_level":0.95,"lower_bound":48791.206367924526,"upper_bound":67321.30068454615},"point_estimate":62164.240740740745,"standard_error":4123.3862627471935},"median_abs_dev":{"confidence_interval":{"confidence_level":0.95,"lower_bound":20221.946010214233,"upper_bound":39533.5538139},"point_estimate":33662.72113992851,"standard_error":5200.974283196781},"slope":{"confidence_interval":{"confidence_level":0.95,"lower_bound":48626.04584279711,"upper_bound":59100.28246759061},"point_estimate":53665.977646482934,"standard_error":2674.8755664426467},"std_dev":{"confidence_interval":{"confidence_level":0.95,"lower_bound":21090.73210973871,"upper_bound":30115.498582149416},"point_estimate":25576.97566097998,"standard_error":2323.806228684255}}