{"mean":{"confidence_interval":{"confidence_level":0.95,"lower_bound":712238.7261066177,"upper_bound":791815.7793272058},"point_estimate":751904.9323529409,"standard_error":20288.95796519213},"median":{"confidence_interval":{"confidence_level":0.95,"lower_bound":641231.0441176471,"upper_bound":810218.1323529412},"point_estimate":757919.5514705882,"standard_error":41168.808941033036},"median_abs_dev":{"confidence_interval":{"confidence_level":0.95,"lower_bound":158368.9090619193,"upper_bound":276491.8678339353},"point_estimate":257581.28336672386,"standard_error":37737.738130762205},"slope":null,"std_dev":{"confidence_interval":{"confidence_level":0.95,"lower_bound":179144.31785039968,"upper_bound":227772.70712536626},"point_estimate":204468.9505481615,"standard_error":12405.757363095669}}