{"mean":{"confidence_interval":{"confidence_level":0.95,"lower_bound":-0.02596082609519189,"upper_bound":0.23811514660798075},"point_estimate":0.09452709069908383,"standard_error":0.06731867831947859},"median":{"confidence_interval":{"confidence_level":0.95,"lower_bound":0.0014341155002965955,"upper_bound":0.8584744414440848},"point_estimate":0.729742606488677,"standard_error":0.27013786926262373}}