{"mean":{"confidence_interval":{"confidence_level":0.95,"lower_bound":-0.24887464803277212,"upper_bound":-0.07189202332601692},"point_estimate":-0.1701489804081282,"standard_error":0.045151898729895175},"median":{"confidence_interval":{"confidence_level":0.95,"lower_bound":-0.47093528951119257,"upper_bound":-0.19664115915523028},"point_estimate":-0.4365274872328523,"standard_error":0.06202402497286935}}