{"mean":{"confidence_interval":{"confidence_level":0.95,"lower_bound":223419.3593663366,"upper_bound":242735.34911014847},"point_estimate":232878.08430693074,"standard_error":4935.212384738127},"median":{"confidence_interval":{"confidence_level":0.95,"lower_bound":196850.45544554456,"upper_bound":236045.6287128713},"point_estimate":213029.4603960396,"standard_error":12186.486057219272},"median_abs_dev":{"confidence_interval":{"confidence_level":0.95,"lower_bound":2729.7087584686374,"upper_bound":58957.78249487427},"point_estimate":27511.404016525423,"standard_error":13200.737625007308},"slope":null,"std_dev":{"confidence_interval":{"confidence_level":0.95,"lower_bound":43165.6554154252,"upper_bound":55014.80340173564},"point_estimate":49565.77851794642,"standard_error":3015.681029820084}}