{"mean":{"confidence_interval":{"confidence_level":0.95,"lower_bound":-0.12476001861582697,"upper_bound":0.10056227916856572},"point_estimate":-0.013142739663909109,"standard_error":0.057603191231548084},"median":{"confidence_interval":{"confidence_level":0.95,"lower_bound":-0.09078675581501398,"upper_bound":0.05469490552188039},"point_estimate":-0.03055433994788692,"standard_error":0.036038156338803765}}