{"mean":{"confidence_interval":{"confidence_level":0.95,"lower_bound":0.2961243798205153,"upper_bound":0.5496133683429664},"point_estimate":0.4158835731612398,"standard_error":0.06474088493855491},"median":{"confidence_interval":{"confidence_level":0.95,"lower_bound":0.88103154078582,"upper_bound":1.0039830027470225},"point_estimate":0.9573980877699877,"standard_error":0.06833180294476415}}