{"mean":{"confidence_interval":{"confidence_level":0.95,"lower_bound":303478.13852623454,"upper_bound":324934.691330247},"point_estimate":313939.2221604939,"standard_error":5463.8286258879425},"median":{"confidence_interval":{"confidence_level":0.95,"lower_bound":299748.0092592592,"upper_bound":308392.04938271607},"point_estimate":301119.06790123455,"standard_error":2215.776037659869},"median_abs_dev":{"confidence_interval":{"confidence_level":0.95,"lower_bound":26862.65693235169,"upper_bound":60074.58485938888},"point_estimate":38628.854030867384,"standard_error":8137.520961433129},"slope":null,"std_dev":{"confidence_interval":{"confidence_level":0.95,"lower_bound":42463.53653459307,"upper_bound":66685.59160102977},"point_estimate":54898.62984206599,"standard_error":6219.635885155042}}