{"mean":{"confidence_interval":{"confidence_level":0.95,"lower_bound":-0.09156477723373287,"upper_bound":0.062134147778377016},"point_estimate":-0.016965512255454396,"standard_error":0.03945842444016863},"median":{"confidence_interval":{"confidence_level":0.95,"lower_bound":-0.037662190576373517,"upper_bound":-0.023413347141879814},"point_estimate":-0.027725492610786495,"standard_error":0.003835975392071587}}