{"mean":{"confidence_interval":{"confidence_level":0.95,"lower_bound":-0.07024432810729307,"upper_bound":0.15417007743281716},"point_estimate":0.025499700965945005,"standard_error":0.056582100140306624},"median":{"confidence_interval":{"confidence_level":0.95,"lower_bound":-0.03320017718249657,"upper_bound":0.02892353801427486},"point_estimate":-0.0006592553029698411,"standard_error":0.015262088299333836}}