{"mean":{"confidence_interval":{"confidence_level":0.95,"lower_bound":-0.25786036699386483,"upper_bound":-0.15245252226159833},"point_estimate":-0.20663155494378171,"standard_error":0.026876058906638738},"median":{"confidence_interval":{"confidence_level":0.95,"lower_bound":-0.2377892947653294,"upper_bound":-0.027371380881516583},"point_estimate":-0.11074691152342397,"standard_error":0.05693173685524925}}