{"mean":{"confidence_interval":{"confidence_level":0.95,"lower_bound":287811.63096568617,"upper_bound":300454.64131495106},"point_estimate":294059.5788725491,"standard_error":3229.977837697206},"median":{"confidence_interval":{"confidence_level":0.95,"lower_bound":266281.8333333333,"upper_bound":307198.5122549019},"point_estimate":287831.31862745096,"standard_error":10018.275950287982},"median_abs_dev":{"confidence_interval":{"confidence_level":0.95,"lower_bound":9467.774417207525,"upper_bound":48391.805139403106},"point_estimate":37397.55596400182,"standard_error":9968.509777872629},"slope":null,"std_dev":{"confidence_interval":{"confidence_level":0.95,"lower_bound":28744.77314129883,"upper_bound":35675.22649517804},"point_estimate":32384.971560437927,"standard_error":1770.987616895485}}