{"mean":{"confidence_interval":{"confidence_level":0.95,"lower_bound":0.01865441629618006,"upper_bound":0.24314023927302042},"point_estimate":0.12622080548022385,"standard_error":0.05733641774971498},"median":{"confidence_interval":{"confidence_level":0.95,"lower_bound":0.00864479737568491,"upper_bound":0.9347098396518982},"point_estimate":0.2228873124962083,"standard_error":0.2770865746276644}}