{"mean":{"confidence_interval":{"confidence_level":0.95,"lower_bound":916958.5567169813,"upper_bound":1000214.4463867929},"point_estimate":957844.2666037732,"standard_error":21283.91530906317},"median":{"confidence_interval":{"confidence_level":0.95,"lower_bound":861566.2924528301,"upper_bound":994911.0377358492},"point_estimate":958855.0283018867,"standard_error":41326.178459454364},"median_abs_dev":{"confidence_interval":{"confidence_level":0.95,"lower_bound":173038.74667511793,"upper_bound":333912.4248831903},"point_estimate":294190.77422989986,"standard_error":48937.295702161},"slope":null,"std_dev":{"confidence_interval":{"confidence_level":0.95,"lower_bound":188566.1915060925,"upper_bound":236939.78729201626},"point_estimate":213880.24775287916,"standard_error":12327.510364040842}}