{"mean":{"confidence_interval":{"confidence_level":0.95,"lower_bound":-0.14727610740262453,"upper_bound":0.0731289847015118},"point_estimate":-0.046093162686719924,"standard_error":0.05629236987083501},"median":{"confidence_interval":{"confidence_level":0.95,"lower_bound":-0.39620679146646254,"upper_bound":-0.038341549327785884},"point_estimate":-0.32275495543993427,"standard_error":0.09199131294796382}}