{"mean":{"confidence_interval":{"confidence_level":0.95,"lower_bound":536907.6945911765,"upper_bound":591191.1083323528},"point_estimate":563609.2790588232,"standard_error":13822.983750839086},"median":{"confidence_interval":{"confidence_level":0.95,"lower_bound":491784.18823529413,"upper_bound":572245.5176470588},"point_estimate":538804.0235294118,"standard_error":24176.01898135668},"median_abs_dev":{"confidence_interval":{"confidence_level":0.95,"lower_bound":71075.75552638841,"upper_bound":158759.03780264017},"point_estimate":109160.41736083874,"standard_error":25371.25331603932},"slope":null,"std_dev":{"confidence_interval":{"confidence_level":0.95,"lower_bound":119501.30380366933,"upper_bound":155224.18021280944},"point_estimate":138480.6906903827,"standard_error":9113.686431605998}}