{"mean":{"confidence_interval":{"confidence_level":0.95,"lower_bound":-0.007918416223080283,"upper_bound":0.2313404471221819},"point_estimate":0.1023948712122531,"standard_error":0.06113954928843491},"median":{"confidence_interval":{"confidence_level":0.95,"lower_bound":-0.03156057025139436,"upper_bound":0.7558032434423616},"point_estimate":0.143512177998391,"standard_error":0.2292674458363713}}