{"mean":{"confidence_interval":{"confidence_level":0.95,"lower_bound":277533.0049385474,"upper_bound":305965.1008924581},"point_estimate":291849.42770949716,"standard_error":7261.819971650662},"median":{"confidence_interval":{"confidence_level":0.95,"lower_bound":268602.1731843575,"upper_bound":320688.14525139664},"point_estimate":300512.00837988826,"standard_error":15300.616290784454},"median_abs_dev":{"confidence_interval":{"confidence_level":0.95,"lower_bound":66046.58615760633,"upper_bound":100230.18558145234},"point_estimate":87042.57477312116,"standard_error":11731.310212349665},"slope":null,"std_dev":{"confidence_interval":{"confidence_level":0.95,"lower_bound":65021.84913179802,"upper_bound":80063.97743228354},"point_estimate":73018.47380153729,"standard_error":3847.7233431063223}}