{"mean":{"confidence_interval":{"confidence_level":0.95,"lower_bound":284345.81865247246,"upper_bound":313313.5860398352},"point_estimate":298829.81159340666,"standard_error":7372.219928754064},"median":{"confidence_interval":{"confidence_level":0.95,"lower_bound":270101.53846153844,"upper_bound":334391.23076923075},"point_estimate":309101.81043956045,"standard_error":17574.886604220916},"median_abs_dev":{"confidence_interval":{"confidence_level":0.95,"lower_bound":63408.69102042457,"upper_bound":117248.5922030368},"point_estimate":101666.37279890722,"standard_error":14329.459251264345},"slope":null,"std_dev":{"confidence_interval":{"confidence_level":0.95,"lower_bound":66671.92311808089,"upper_bound":80107.67312724143},"point_estimate":73822.714946831,"standard_error":3425.839017732303}}