{"mean":{"confidence_interval":{"confidence_level":0.95,"lower_bound":-0.03344292702981848,"upper_bound":0.1578213923793257},"point_estimate":0.059227521781705095,"standard_error":0.048859923642299595},"median":{"confidence_interval":{"confidence_level":0.95,"lower_bound":-0.04983048386113931,"upper_bound":0.10124549521822335},"point_estimate":0.03129931187241097,"standard_error":0.03830000411878211}}