{"mean":{"confidence_interval":{"confidence_level":0.95,"lower_bound":293261.18543342396,"upper_bound":324604.0813709239},"point_estimate":308900.6861956522,"standard_error":8012.7248715549995},"median":{"confidence_interval":{"confidence_level":0.95,"lower_bound":284384.6277173913,"upper_bound":339696.2880434783},"point_estimate":310937.1521739131,"standard_error":16401.87528963112},"median_abs_dev":{"confidence_interval":{"confidence_level":0.95,"lower_bound":72905.14549263148,"upper_bound":127444.19301730457},"point_estimate":98837.51113006602,"standard_error":13385.682877352605},"slope":null,"std_dev":{"confidence_interval":{"confidence_level":0.95,"lower_bound":71928.62102664995,"upper_bound":87048.9624726815},"point_estimate":80104.05045387156,"standard_error":3852.75903573639}}