{"mean":{"confidence_interval":{"confidence_level":0.95,"lower_bound":-0.04874387168383892,"upper_bound":0.12780109066573303},"point_estimate":0.03562819816210361,"standard_error":0.04493243484622028},"median":{"confidence_interval":{"confidence_level":0.95,"lower_bound":-0.0482402640288897,"upper_bound":0.06733323002159963},"point_estimate":-0.004168849603885194,"standard_error":0.029058287252744463}}