{"mean":{"confidence_interval":{"confidence_level":0.95,"lower_bound":198774.24695086703,"upper_bound":242674.0017398843},"point_estimate":220344.72965317924,"standard_error":11190.703779847086},"median":{"confidence_interval":{"confidence_level":0.95,"lower_bound":177785.225433526,"upper_bound":248506.5838150289},"point_estimate":212844.08670520232,"standard_error":17881.999716331076},"median_abs_dev":{"confidence_interval":{"confidence_level":0.95,"lower_bound":107596.08085915184,"upper_bound":170002.2314982443},"point_estimate":152169.4163897823,"standard_error":16975.231814156195},"slope":null,"std_dev":{"confidence_interval":{"confidence_level":0.95,"lower_bound":96426.56381122561,"upper_bound":129133.65556037294},"point_estimate":112561.44516270075,"standard_error":8414.10841490992}}