{"mean":{"confidence_interval":{"confidence_level":0.95,"lower_bound":531159.0565603448,"upper_bound":585530.4765402299},"point_estimate":558289.9442528735,"standard_error":13854.849173203447},"median":{"confidence_interval":{"confidence_level":0.95,"lower_bound":456231.6896551724,"upper_bound":594102.2988505748},"point_estimate":457744.7643678161,"standard_error":45525.01922570479},"median_abs_dev":{"confidence_interval":{"confidence_level":0.95,"lower_bound":4336.783857489479,"upper_bound":204149.91792389035},"point_estimate":127435.50038584344,"standard_error":61833.57466457249},"slope":null,"std_dev":{"confidence_interval":{"confidence_level":0.95,"lower_bound":123586.9349297378,"upper_bound":154958.21491596635},"point_estimate":139705.33907904994,"standard_error":8000.8835947377365}}