{"mean":{"confidence_interval":{"confidence_level":0.95,"lower_bound":5751609.5018437505,"upper_bound":6373647.98665625},"point_estimate":6057961.83625,"standard_error":158891.23657208635},"median":{"confidence_interval":{"confidence_level":0.95,"lower_bound":5074538.625,"upper_bound":6304213.0},"point_estimate":5813248.6875,"standard_error":321557.6274786176},"median_abs_dev":{"confidence_interval":{"confidence_level":0.95,"lower_bound":914218.7722943723,"upper_bound":2029373.2881511091},"point_estimate":1423920.427307859,"standard_error":282312.27062187507},"slope":null,"std_dev":{"confidence_interval":{"confidence_level":0.95,"lower_bound":1371741.1371218183,"upper_bound":1805101.5987461167},"point_estimate":1601295.3338222448,"standard_error":110435.57900914039}}