{"mean":{"confidence_interval":{"confidence_level":0.95,"lower_bound":173414.53580278883,"upper_bound":191564.54810458163},"point_estimate":182572.49135458167,"standard_error":4627.567136843409},"median":{"confidence_interval":{"confidence_level":0.95,"lower_bound":190582.8764940239,"upper_bound":192256.31075697212},"point_estimate":191665.86653386455,"standard_error":483.3640924165638},"median_abs_dev":{"confidence_interval":{"confidence_level":0.95,"lower_bound":10559.17742767654,"upper_bound":39538.094233516706},"point_estimate":25127.50896784174,"standard_error":6852.240994922744},"slope":null,"std_dev":{"confidence_interval":{"confidence_level":0.95,"lower_bound":38768.88102579458,"upper_bound":53467.691246714145},"point_estimate":46503.06704943906,"standard_error":3745.877110185329}}