{"mean":{"confidence_interval":{"confidence_level":0.95,"lower_bound":-0.30986360492145554,"upper_bound":-0.11424628530073154},"point_estimate":-0.2195585781856204,"standard_error":0.04950348104107654},"median":{"confidence_interval":{"confidence_level":0.95,"lower_bound":-0.48974883412921766,"upper_bound":-0.2559585434137175},"point_estimate":-0.43783537966278707,"standard_error":0.06855023139971203}}