{"mean":{"confidence_interval":{"confidence_level":0.95,"lower_bound":270186.2268376963,"upper_bound":294304.1698717276},"point_estimate":282279.62738219893,"standard_error":6143.64204284731},"median":{"confidence_interval":{"confidence_level":0.95,"lower_bound":259219.40314136125,"upper_bound":298887.86910994764},"point_estimate":279320.6151832461,"standard_error":10318.75180859902},"median_abs_dev":{"confidence_interval":{"confidence_level":0.95,"lower_bound":61272.70541690406,"upper_bound":93339.7593376524},"point_estimate":92167.22069721259,"standard_error":10889.670959244435},"slope":null,"std_dev":{"confidence_interval":{"confidence_level":0.95,"lower_bound":54422.29054194368,"upper_bound":68478.69771899043},"point_estimate":61711.5455170977,"standard_error":3578.7552211153156}}