{"mean":{"confidence_interval":{"confidence_level":0.95,"lower_bound":-0.329998873270975,"upper_bound":-0.09302233768698998},"point_estimate":-0.22552629202170116,"standard_error":0.06163287956133657},"median":{"confidence_interval":{"confidence_level":0.95,"lower_bound":-0.5192995595339504,"upper_bound":-0.2319966584570629},"point_estimate":-0.48452232998426503,"standard_error":0.08114257224720042}}