{"mean":{"confidence_interval":{"confidence_level":0.95,"lower_bound":66482.88637211992,"upper_bound":76273.9831526246},"point_estimate":71321.5279767613,"standard_error":2498.6283683259335},"median":{"confidence_interval":{"confidence_level":0.95,"lower_bound":67293.39057539683,"upper_bound":76072.0632034632},"point_estimate":69756.93568681319,"standard_error":1935.4410681547545},"median_abs_dev":{"confidence_interval":{"confidence_level":0.95,"lower_bound":13707.984662909137,"upper_bound":26147.11152849697},"point_estimate":18924.06568974679,"standard_error":3211.078140289638},"slope":{"confidence_interval":{"confidence_level":0.95,"lower_bound":57287.10832952905,"upper_bound":67417.17539271241},"point_estimate":62187.599646125804,"standard_error":2587.233821004943},"std_dev":{"confidence_interval":{"confidence_level":0.95,"lower_bound":20400.600778913442,"upper_bound":29504.589538424287},"point_estimate":25109.594114304065,"standard_error":2329.842927461189}}