{"mean":{"confidence_interval":{"confidence_level":0.95,"lower_bound":690036.7402934782,"upper_bound":759888.0312391304},"point_estimate":724755.7089855071,"standard_error":17884.012437955575},"median":{"confidence_interval":{"confidence_level":0.95,"lower_bound":621298.4275362319,"upper_bound":757145.2173913043},"point_estimate":713469.7608695652,"standard_error":39404.246146434605},"median_abs_dev":{"confidence_interval":{"confidence_level":0.95,"lower_bound":113480.329194017,"upper_bound":256795.7597641161},"point_estimate":202217.536683834,"standard_error":42773.51602909992},"slope":null,"std_dev":{"confidence_interval":{"confidence_level":0.95,"lower_bound":157667.48116053862,"upper_bound":199228.40899509192},"point_estimate":179478.03472677156,"standard_error":10637.646389745463}}