{"mean":{"confidence_interval":{"confidence_level":0.95,"lower_bound":-0.14535912434665574,"upper_bound":0.2726716700706502},"point_estimate":0.031580042585309664,"standard_error":0.1091624034174077},"median":{"confidence_interval":{"confidence_level":0.95,"lower_bound":0.05877826296115307,"upper_bound":0.20261387072855142},"point_estimate":0.10227728851333118,"standard_error":0.041687660261146536}}