{"mean":{"confidence_interval":{"confidence_level":0.95,"lower_bound":0.0540728445076362,"upper_bound":0.22784599022001628},"point_estimate":0.13475032474902737,"standard_error":0.044322820936552446},"median":{"confidence_interval":{"confidence_level":0.95,"lower_bound":-0.03685696469020605,"upper_bound":0.09171461345181586},"point_estimate":0.009692519041941905,"standard_error":0.03671145076433642}}