{"mean":{"confidence_interval":{"confidence_level":0.95,"lower_bound":0.0049697204611617645,"upper_bound":0.23318457120038677},"point_estimate":0.11326953730451139,"standard_error":0.05817261993103606},"median":{"confidence_interval":{"confidence_level":0.95,"lower_bound":0.0009427867964406644,"upper_bound":0.13789199051135426},"point_estimate":0.051136177560422214,"standard_error":0.03461838317589981}}