{"mean":{"confidence_interval":{"confidence_level":0.95,"lower_bound":685847.9984813434,"upper_bound":756159.2322985072},"point_estimate":720355.457761194,"standard_error":17933.71662719587},"median":{"confidence_interval":{"confidence_level":0.95,"lower_bound":589379.7611940298,"upper_bound":726343.6641791045},"point_estimate":653374.8358208955,"standard_error":45108.23646532635},"median_abs_dev":{"confidence_interval":{"confidence_level":0.95,"lower_bound":45940.73898289641,"upper_bound":210814.50824386155},"point_estimate":108847.12394071156,"standard_error":43335.52351561005},"slope":null,"std_dev":{"confidence_interval":{"confidence_level":0.95,"lower_bound":154916.36619631504,"upper_bound":203108.32046464074},"point_estimate":180025.42371859896,"standard_error":12311.756994949297}}