{"mean":{"confidence_interval":{"confidence_level":0.95,"lower_bound":399811.206785124,"upper_bound":441308.58007851243},"point_estimate":420554.70272727276,"standard_error":10594.438457825803},"median":{"confidence_interval":{"confidence_level":0.95,"lower_bound":370049.19834710745,"upper_bound":467227.5619834711},"point_estimate":405301.2355371901,"standard_error":22603.997649516026},"median_abs_dev":{"confidence_interval":{"confidence_level":0.95,"lower_bound":87428.8101717953,"upper_bound":146819.74951656885},"point_estimate":111488.81625786789,"standard_error":16497.73521265627},"slope":null,"std_dev":{"confidence_interval":{"confidence_level":0.95,"lower_bound":91971.56352583379,"upper_bound":119975.3990406292},"point_estimate":106471.770152886,"standard_error":7169.191958360572}}