{"mean":{"confidence_interval":{"confidence_level":0.95,"lower_bound":-0.01392931129637114,"upper_bound":0.21657592735761713},"point_estimate":0.09005200638571376,"standard_error":0.058399328863622584},"median":{"confidence_interval":{"confidence_level":0.95,"lower_bound":0.0013437945866396905,"upper_bound":0.021309408681570163},"point_estimate":0.012207439259808162,"standard_error":0.005449033343374662}}