{"mean":{"confidence_interval":{"confidence_level":0.95,"lower_bound":0.24273634828149732,"upper_bound":0.5514995677453889},"point_estimate":0.3901110178508891,"standard_error":0.07825175736044067},"median":{"confidence_interval":{"confidence_level":0.95,"lower_bound":0.14285063605667792,"upper_bound":0.6325392063001714},"point_estimate":0.5201595389066835,"standard_error":0.11881686393261302}}