{"mean":{"confidence_interval":{"confidence_level":0.95,"lower_bound":101838.32897199168,"upper_bound":111705.61892686726},"point_estimate":106666.4967012448,"standard_error":2518.8127882552994},"median":{"confidence_interval":{"confidence_level":0.95,"lower_bound":92317.73443983402,"upper_bound":109001.96265560166},"point_estimate":100671.02593360996,"standard_error":4056.8577829966916},"median_abs_dev":{"confidence_interval":{"confidence_level":0.95,"lower_bound":12851.208869148335,"upper_bound":36270.66718469766},"point_estimate":24717.55149084379,"standard_error":5151.160179754839},"slope":null,"std_dev":{"confidence_interval":{"confidence_level":0.95,"lower_bound":22197.895187252492,"upper_bound":28205.828691836847},"point_estimate":25379.5932478656,"standard_error":1536.9481300619275}}