{"mean":{"confidence_interval":{"confidence_level":0.95,"lower_bound":0.046350462357867515,"upper_bound":0.2983986737162873},"point_estimate":0.16347639607731623,"standard_error":0.06412606288050898},"median":{"confidence_interval":{"confidence_level":0.95,"lower_bound":0.20247699595604485,"upper_bound":0.8327934946619564},"point_estimate":0.7468442708095875,"standard_error":0.13867186300624895}}