{"mean":{"confidence_interval":{"confidence_level":0.95,"lower_bound":537730.9358901101,"upper_bound":585542.197703297},"point_estimate":561443.464725275,"standard_error":12202.194716929025},"median":{"confidence_interval":{"confidence_level":0.95,"lower_bound":492456.04395604396,"upper_bound":596572.7142857143},"point_estimate":542813.4945054945,"standard_error":26220.548759793615},"median_abs_dev":{"confidence_interval":{"confidence_level":0.95,"lower_bound":77538.86260033307,"upper_bound":194690.40152816972},"point_estimate":143794.8054086703,"standard_error":30304.159971362304},"slope":null,"std_dev":{"confidence_interval":{"confidence_level":0.95,"lower_bound":109196.08384778736,"upper_bound":135564.07164851265},"point_estimate":123087.18904177503,"standard_error":6723.224268563746}}