{"mean":{"confidence_interval":{"confidence_level":0.95,"lower_bound":535603.0616448863,"upper_bound":590740.227690341},"point_estimate":562578.1982954546,"standard_error":14075.841496768286},"median":{"confidence_interval":{"confidence_level":0.95,"lower_bound":517452.5,"upper_bound":580744.5454545454},"point_estimate":562798.1931818181,"standard_error":14553.988702941124},"median_abs_dev":{"confidence_interval":{"confidence_level":0.95,"lower_bound":128149.50526128366,"upper_bound":200945.34150182523},"point_estimate":142419.47167268526,"standard_error":18846.36053163795},"slope":null,"std_dev":{"confidence_interval":{"confidence_level":0.95,"lower_bound":118222.23720879325,"upper_bound":165229.02656115842},"point_estimate":141491.9310431535,"standard_error":12097.063589060725}}