{"mean":{"confidence_interval":{"confidence_level":0.95,"lower_bound":-0.09383848395999234,"upper_bound":0.025033567768444686},"point_estimate":-0.03564790937552498,"standard_error":0.03031080637296015},"median":{"confidence_interval":{"confidence_level":0.95,"lower_bound":0.006863445268459573,"upper_bound":0.01726076158953291},"point_estimate":0.011472404512241186,"standard_error":0.002836272674561147}}