{"mean":{"confidence_interval":{"confidence_level":0.95,"lower_bound":484069.90991158556,"upper_bound":540334.2549695125},"point_estimate":511886.2748780488,"standard_error":14388.602822245726},"median":{"confidence_interval":{"confidence_level":0.95,"lower_bound":474207.9024390244,"upper_bound":524684.6341463415},"point_estimate":475553.993902439,"standard_error":13370.459998586583},"median_abs_dev":{"confidence_interval":{"confidence_level":0.95,"lower_bound":118744.13967092517,"upper_bound":184105.34126562314},"point_estimate":148282.39909185143,"standard_error":15615.000272219213},"slope":null,"std_dev":{"confidence_interval":{"confidence_level":0.95,"lower_bound":125958.10908262784,"upper_bound":160981.7543382525},"point_estimate":144689.3488424306,"standard_error":8927.017877310505}}