{"mean":{"confidence_interval":{"confidence_level":0.95,"lower_bound":265435.6584326923,"upper_bound":299820.32165064116},"point_estimate":282538.8108974358,"standard_error":8785.006639580222},"median":{"confidence_interval":{"confidence_level":0.95,"lower_bound":276238.5256410256,"upper_bound":316605.71153846156},"point_estimate":300577.3301282051,"standard_error":9608.69945369073},"median_abs_dev":{"confidence_interval":{"confidence_level":0.95,"lower_bound":63619.04914745919,"upper_bound":126301.26142885821},"point_estimate":103148.87569758756,"standard_error":15052.907719586914},"slope":null,"std_dev":{"confidence_interval":{"confidence_level":0.95,"lower_bound":78799.28412172277,"upper_bound":96135.6139468385},"point_estimate":88110.50332152988,"standard_error":4428.247573227638}}