{"mean":{"confidence_interval":{"confidence_level":0.95,"lower_bound":0.32575685150811445,"upper_bound":0.651113788229798},"point_estimate":0.4720028432167509,"standard_error":0.08336438277356376},"median":{"confidence_interval":{"confidence_level":0.95,"lower_bound":0.8292710930947222,"upper_bound":1.0171965149974755},"point_estimate":0.9451119630565494,"standard_error":0.049120473569875735}}