{"mean":{"confidence_interval":{"confidence_level":0.95,"lower_bound":277423.62457278493,"upper_bound":307951.75866297475},"point_estimate":292423.3881012658,"standard_error":7767.023132668528},"median":{"confidence_interval":{"confidence_level":0.95,"lower_bound":241547.9746835443,"upper_bound":310443.9746835443},"point_estimate":267915.7531645569,"standard_error":17575.004085506604},"median_abs_dev":{"confidence_interval":{"confidence_level":0.95,"lower_bound":39266.275577567794,"upper_bound":94464.17976496677},"point_estimate":71368.35595954073,"standard_error":13701.718422197846},"slope":null,"std_dev":{"confidence_interval":{"confidence_level":0.95,"lower_bound":65931.24633333705,"upper_bound":89494.10902389925},"point_estimate":78254.91073044462,"standard_error":6007.162917121622}}