{"mean":{"confidence_interval":{"confidence_level":0.95,"lower_bound":294055.1848055555,"upper_bound":323871.1794972225},"point_estimate":308944.4272222222,"standard_error":7618.361585861069},"median":{"confidence_interval":{"confidence_level":0.95,"lower_bound":291916.15555555554,"upper_bound":336830.90555555554},"point_estimate":313806.7916666666,"standard_error":12978.757235567218},"median_abs_dev":{"confidence_interval":{"confidence_level":0.95,"lower_bound":51744.995928009375,"upper_bound":103845.71700970338},"point_estimate":68076.43591473508,"standard_error":15098.218360829824},"slope":null,"std_dev":{"confidence_interval":{"confidence_level":0.95,"lower_bound":66770.79190693825,"upper_bound":85158.87104169333},"point_estimate":76433.3572651176,"standard_error":4702.310015717553}}