{"mean":{"confidence_interval":{"confidence_level":0.95,"lower_bound":268055.5049511495,"upper_bound":293034.41064942535},"point_estimate":280302.1400574713,"standard_error":6414.961559978931},"median":{"confidence_interval":{"confidence_level":0.95,"lower_bound":247886.3103448276,"upper_bound":291716.0114942529},"point_estimate":260270.8247126437,"standard_error":12813.134204795955},"median_abs_dev":{"confidence_interval":{"confidence_level":0.95,"lower_bound":34602.87794429679,"upper_bound":89517.72796500988},"point_estimate":50241.58956665419,"standard_error":16517.038427759213},"slope":null,"std_dev":{"confidence_interval":{"confidence_level":0.95,"lower_bound":54788.819881057985,"upper_bound":73252.34488569343},"point_estimate":64396.00270934566,"standard_error":4729.754548862891}}