{"mean":{"confidence_interval":{"confidence_level":0.95,"lower_bound":117941.49244924239,"upper_bound":134100.33582272727},"point_estimate":125948.134909091,"standard_error":4136.027467527713},"median":{"confidence_interval":{"confidence_level":0.95,"lower_bound":91897.78787878787,"upper_bound":149374.17575757575},"point_estimate":136927.67727272728,"standard_error":17034.909171403542},"median_abs_dev":{"confidence_interval":{"confidence_level":0.95,"lower_bound":22736.238926351067,"upper_bound":68593.85244812473},"point_estimate":62298.69140215893,"standard_error":11821.316784288016},"slope":null,"std_dev":{"confidence_interval":{"confidence_level":0.95,"lower_bound":38463.21662107682,"upper_bound":44342.097976725185},"point_estimate":41607.04040811078,"standard_error":1498.9021703420613}}