{"mean":{"confidence_interval":{"confidence_level":0.95,"lower_bound":-0.2579145647965654,"upper_bound":-0.11398131022245864},"point_estimate":-0.19000529866796012,"standard_error":0.03541564326209733},"median":{"confidence_interval":{"confidence_level":0.95,"lower_bound":-0.4849267563955753,"upper_bound":-0.03592874747740782},"point_estimate":-0.142093273365826,"standard_error":0.15946378990832488}}