{"mean":{"confidence_interval":{"confidence_level":0.95,"lower_bound":1284098.6265187492,"upper_bound":1407676.0440312498},"point_estimate":1345119.4317500002,"standard_error":31618.64549485351},"median":{"confidence_interval":{"confidence_level":0.95,"lower_bound":1214962.0,"upper_bound":1399414.875},"point_estimate":1311859.3624999998,"standard_error":39633.457489433},"median_abs_dev":{"confidence_interval":{"confidence_level":0.95,"lower_bound":299974.563869387,"upper_bound":446458.09141628444},"point_estimate":441258.0202686041,"standard_error":48251.50721234707},"slope":null,"std_dev":{"confidence_interval":{"confidence_level":0.95,"lower_bound":276944.1051237401,"upper_bound":354511.34517065756},"point_estimate":318097.5174507463,"standard_error":19824.102199595265}}