{"mean":{"confidence_interval":{"confidence_level":0.95,"lower_bound":0.2500949812171052,"upper_bound":0.48071914491035694},"point_estimate":0.36117203142853893,"standard_error":0.05918979298171934},"median":{"confidence_interval":{"confidence_level":0.95,"lower_bound":0.6358668622710879,"upper_bound":1.029456361550936},"point_estimate":0.9677558554740111,"standard_error":0.12251203826281706}}