{"mean":{"confidence_interval":{"confidence_level":0.95,"lower_bound":-0.10776242080341474,"upper_bound":0.17873139653611858},"point_estimate":0.02516872518282609,"standard_error":0.0730716185958216},"median":{"confidence_interval":{"confidence_level":0.95,"lower_bound":0.011177411154673633,"upper_bound":0.08309530013637441},"point_estimate":0.02464919010367672,"standard_error":0.02083613559628443}}