{"mean":{"confidence_interval":{"confidence_level":0.95,"lower_bound":3054396.7041833336,"upper_bound":3382946.1546333325},"point_estimate":3217299.7020000005,"standard_error":83802.36842801124},"median":{"confidence_interval":{"confidence_level":0.95,"lower_bound":2816912.5999999996,"upper_bound":3361957.933333333},"point_estimate":3080009.466666667,"standard_error":150314.42747422386},"median_abs_dev":{"confidence_interval":{"confidence_level":0.95,"lower_bound":589961.3570355941,"upper_bound":1183178.926154375},"point_estimate":783651.7894273999,"standard_error":149675.22802384847},"slope":null,"std_dev":{"confidence_interval":{"confidence_level":0.95,"lower_bound":731541.1909786199,"upper_bound":941272.165531094},"point_estimate":842941.1514512916,"standard_error":53458.773592072146}}