{"mean":{"confidence_interval":{"confidence_level":0.95,"lower_bound":-0.30066337691007095,"upper_bound":-0.16639520481533115},"point_estimate":-0.23643757920033925,"standard_error":0.03431734114339713},"median":{"confidence_interval":{"confidence_level":0.95,"lower_bound":-0.016786350772055425,"upper_bound":0.0009088575765624198},"point_estimate":-0.0035349067931578215,"standard_error":0.0041705174830897725}}