{"mean":{"confidence_interval":{"confidence_level":0.95,"lower_bound":3263843.368,"upper_bound":3611210.3255500006},"point_estimate":3434961.2193333334,"standard_error":88535.5621751617},"median":{"confidence_interval":{"confidence_level":0.95,"lower_bound":2726026.533333333,"upper_bound":3676189.0},"point_estimate":3229438.1,"standard_error":192731.5502516847},"median_abs_dev":{"confidence_interval":{"confidence_level":0.95,"lower_bound":554194.9311810732,"upper_bound":1270670.6952505852},"point_estimate":811539.4455122948,"standard_error":187414.27111285488},"slope":null,"std_dev":{"confidence_interval":{"confidence_level":0.95,"lower_bound":770790.774796619,"upper_bound":999818.4317370218},"point_estimate":887566.1932801113,"standard_error":58802.87902992903}}