{"mean":{"confidence_interval":{"confidence_level":0.95,"lower_bound":-0.371451093933453,"upper_bound":-0.19783087974372499},"point_estimate":-0.29170953216654505,"standard_error":0.04429684932270483},"median":{"confidence_interval":{"confidence_level":0.95,"lower_bound":-0.44380823301006256,"upper_bound":-0.0268906418637771},"point_estimate":-0.29763798436060174,"standard_error":0.12103019242393546}}