{"mean":{"confidence_interval":{"confidence_level":0.95,"lower_bound":0.31987834552210304,"upper_bound":0.593181383802043},"point_estimate":0.4629846151000727,"standard_error":0.06805027914634115},"median":{"confidence_interval":{"confidence_level":0.95,"lower_bound":0.01199370430688209,"upper_bound":0.4666681407428668},"point_estimate":0.08267487043890731,"standard_error":0.11842707595573036}}