{"mean":{"confidence_interval":{"confidence_level":0.95,"lower_bound":-0.3950224523424819,"upper_bound":-0.24710172489097942},"point_estimate":-0.3228456590880209,"standard_error":0.0375007057940424},"median":{"confidence_interval":{"confidence_level":0.95,"lower_bound":-0.5124708439282879,"upper_bound":-0.4890615045321727},"point_estimate":-0.5061059140402617,"standard_error":0.0058744953825527885}}