{"mean":{"confidence_interval":{"confidence_level":0.95,"lower_bound":154273.55932747398,"upper_bound":162330.81952473958},"point_estimate":158266.65374999997,"standard_error":2057.8621728984435},"median":{"confidence_interval":{"confidence_level":0.95,"lower_bound":149706.88802083334,"upper_bound":162898.34765625},"point_estimate":160129.4244791667,"standard_error":4457.7785911338615},"median_abs_dev":{"confidence_interval":{"confidence_level":0.95,"lower_bound":15755.927752307609,"upper_bound":30165.272495709345},"point_estimate":24928.439818369254,"standard_error":4265.880999017461},"slope":null,"std_dev":{"confidence_interval":{"confidence_level":0.95,"lower_bound":17182.38434783852,"upper_bound":23977.462277097213},"point_estimate":20673.677649635272,"standard_error":1741.5413674214972}}