{"mean":{"confidence_interval":{"confidence_level":0.95,"lower_bound":-0.4433879371243695,"upper_bound":-0.2904369091845739},"point_estimate":-0.3689989780803574,"standard_error":0.03878983378355479},"median":{"confidence_interval":{"confidence_level":0.95,"lower_bound":-0.49637367427936996,"upper_bound":-0.3599073562230536},"point_estimate":-0.4575019290261668,"standard_error":0.04203124903558403}}