{"mean":{"confidence_interval":{"confidence_level":0.95,"lower_bound":-0.20994280323447723,"upper_bound":-0.031740462765569716},"point_estimate":-0.12307603988080884,"standard_error":0.04571388192441349},"median":{"confidence_interval":{"confidence_level":0.95,"lower_bound":-0.3533770807949297,"upper_bound":-0.028900947880395322},"point_estimate":-0.06849559002725902,"standard_error":0.06899260387085922}}