{"mean":{"confidence_interval":{"confidence_level":0.95,"lower_bound":125649.00950153853,"upper_bound":141399.85232923078},"point_estimate":133559.58181538462,"standard_error":4008.449819688994},"median":{"confidence_interval":{"confidence_level":0.95,"lower_bound":137599.92769230768,"upper_bound":151176.72153846154},"point_estimate":149168.46923076923,"standard_error":4018.208773526042},"median_abs_dev":{"confidence_interval":{"confidence_level":0.95,"lower_bound":24690.629202576794,"upper_bound":54733.56519905421},"point_estimate":32704.485783687003,"standard_error":8475.76439536628},"slope":null,"std_dev":{"confidence_interval":{"confidence_level":0.95,"lower_bound":36409.87578636611,"upper_bound":43441.35070918434},"point_estimate":40315.896436511335,"standard_error":1790.8717549846792}}