{"mean":{"confidence_interval":{"confidence_level":0.95,"lower_bound":0.07159226851176106,"upper_bound":0.334609054949056},"point_estimate":0.19782472385997218,"standard_error":0.06742210694794978},"median":{"confidence_interval":{"confidence_level":0.95,"lower_bound":0.12530620517749802,"upper_bound":0.8251760706112825},"point_estimate":0.5646676530860419,"standard_error":0.17971123577410644}}