{"mean":{"confidence_interval":{"confidence_level":0.95,"lower_bound":255115.1374143837,"upper_bound":282543.51075513696},"point_estimate":268809.6123972602,"standard_error":6999.80053250185},"median":{"confidence_interval":{"confidence_level":0.95,"lower_bound":255800.04794520547,"upper_bound":279726.1506849315},"point_estimate":256504.59246575343,"standard_error":5831.524047585355},"median_abs_dev":{"confidence_interval":{"confidence_level":0.95,"lower_bound":60489.89106239111,"upper_bound":95754.09502742224},"point_estimate":80886.511407813,"standard_error":7212.125952293245},"slope":null,"std_dev":{"confidence_interval":{"confidence_level":0.95,"lower_bound":61158.11509330898,"upper_bound":78447.4296833041},"point_estimate":70304.97782642063,"standard_error":4415.54013972444}}