{"mean":{"confidence_interval":{"confidence_level":0.95,"lower_bound":-0.12411207956163128,"upper_bound":0.19301552805154912},"point_estimate":0.012482219818001239,"standard_error":0.08196642865931535},"median":{"confidence_interval":{"confidence_level":0.95,"lower_bound":-0.3939035135288603,"upper_bound":0.47936729102923725},"point_estimate":-0.020628842874396147,"standard_error":0.18292136120311664}}