{"mean":{"confidence_interval":{"confidence_level":0.95,"lower_bound":-0.0698721429385553,"upper_bound":0.04399297014284688},"point_estimate":-0.014100547991667045,"standard_error":0.029047627833139585},"median":{"confidence_interval":{"confidence_level":0.95,"lower_bound":-0.0752186199242727,"upper_bound":0.058804509597167876},"point_estimate":0.004718419622542935,"standard_error":0.03404889508832721}}