{"mean":{"confidence_interval":{"confidence_level":0.95,"lower_bound":0.3826519357183633,"upper_bound":0.9211110625359354},"point_estimate":0.6152288347200965,"standard_error":0.14193797628003507},"median":{"confidence_interval":{"confidence_level":0.95,"lower_bound":0.03945318217789157,"upper_bound":0.4124388489227222},"point_estimate":0.2059896078794341,"standard_error":0.11143523811180837}}