{"mean":{"confidence_interval":{"confidence_level":0.95,"lower_bound":0.030492679732931575,"upper_bound":0.2529278817895212},"point_estimate":0.1399704167689826,"standard_error":0.05682845257997867},"median":{"confidence_interval":{"confidence_level":0.95,"lower_bound":0.0417131102726267,"upper_bound":0.8542761068976673},"point_estimate":0.5525884827423826,"standard_error":0.23273634844435792}}