{"mean":{"confidence_interval":{"confidence_level":0.95,"lower_bound":253115.73920131582,"upper_bound":276123.6186105264},"point_estimate":264478.7779473685,"standard_error":5873.505480682346},"median":{"confidence_interval":{"confidence_level":0.95,"lower_bound":214739.37894736842,"upper_bound":262086.28421052633},"point_estimate":237106.3657894737,"standard_error":14244.24764789944},"median_abs_dev":{"confidence_interval":{"confidence_level":0.95,"lower_bound":7016.369261224025,"upper_bound":71433.535588117},"point_estimate":34614.238176000756,"standard_error":16994.347468618853},"slope":null,"std_dev":{"confidence_interval":{"confidence_level":0.95,"lower_bound":53528.2070523027,"upper_bound":63565.1286352757},"point_estimate":59023.5957479266,"standard_error":2547.5613494566637}}