{"mean":{"confidence_interval":{"confidence_level":0.95,"lower_bound":-0.07660436804100446,"upper_bound":0.09465585532675494},"point_estimate":0.006828063705519805,"standard_error":0.04346006077601553},"median":{"confidence_interval":{"confidence_level":0.95,"lower_bound":-0.03252612927277532,"upper_bound":0.06608600147231813},"point_estimate":0.006348865597525455,"standard_error":0.024982950573247502}}