{"mean":{"confidence_interval":{"confidence_level":0.95,"lower_bound":-0.40970909188669413,"upper_bound":-0.3069344989194577},"point_estimate":-0.36130520418251455,"standard_error":0.026123825788479237},"median":{"confidence_interval":{"confidence_level":0.95,"lower_bound":-0.49096587031244165,"upper_bound":-0.4456361279278488},"point_estimate":-0.4751349371766663,"standard_error":0.011665228151698334}}