{"mean":{"confidence_interval":{"confidence_level":0.95,"lower_bound":-0.2714345634018633,"upper_bound":-0.10299823812244036},"point_estimate":-0.19077155936750578,"standard_error":0.04318292132555402},"median":{"confidence_interval":{"confidence_level":0.95,"lower_bound":-0.44471050504087195,"upper_bound":-0.0318432945833355},"point_estimate":-0.30951320971232443,"standard_error":0.14983388504261572}}