{"mean":{"confidence_interval":{"confidence_level":0.95,"lower_bound":74045.50378807401,"upper_bound":84750.79923267475},"point_estimate":79302.47802604878,"standard_error":2731.63687169381},"median":{"confidence_interval":{"confidence_level":0.95,"lower_bound":57711.44761904762,"upper_bound":77615.39919678716},"point_estimate":58288.420627357555,"standard_error":4929.07379234051},"median_abs_dev":{"confidence_interval":{"confidence_level":0.95,"lower_bound":1328.0046265898632,"upper_bound":30791.731023670607},"point_estimate":2272.8130992698093,"standard_error":6738.263102540825},"slope":{"confidence_interval":{"confidence_level":0.95,"lower_bound":83693.72303576383,"upper_bound":97249.78757503656},"point_estimate":90680.35144337718,"standard_error":3471.901065786351},"std_dev":{"confidence_interval":{"confidence_level":0.95,"lower_bound":24559.031922880873,"upper_bound":30035.553794474738},"point_estimate":27418.46998308044,"standard_error":1385.3842621163187}}