{"mean":{"confidence_interval":{"confidence_level":0.95,"lower_bound":788560.4824596776,"upper_bound":867215.0458508062},"point_estimate":827379.7190322577,"standard_error":20134.755521681116},"median":{"confidence_interval":{"confidence_level":0.95,"lower_bound":660981.1612903225,"upper_bound":862978.3548387096},"point_estimate":788356.3870967743,"standard_error":46393.20771017216},"median_abs_dev":{"confidence_interval":{"confidence_level":0.95,"lower_bound":116263.62472945645,"upper_bound":286696.51448270003},"point_estimate":195053.33947904667,"standard_error":44508.624168066555},"slope":null,"std_dev":{"confidence_interval":{"confidence_level":0.95,"lower_bound":180551.39111526165,"upper_bound":222367.10704674383},"point_estimate":203034.3047820124,"standard_error":10654.145928932656}}