{"mean":{"confidence_interval":{"confidence_level":0.95,"lower_bound":36814.76755476531,"upper_bound":40443.45213584636},"point_estimate":38451.50530583215,"standard_error":933.50725800366},"median":{"confidence_interval":{"confidence_level":0.95,"lower_bound":35753.30654338549,"upper_bound":36414.20199146515},"point_estimate":36126.14153627312,"standard_error":158.88691392632828},"median_abs_dev":{"confidence_interval":{"confidence_level":0.95,"lower_bound":1141.2380256920283,"upper_bound":2047.0260472782209},"point_estimate":1600.694439434063,"standard_error":233.97341235677033},"slope":null,"std_dev":{"confidence_interval":{"confidence_level":0.95,"lower_bound":4640.363705544595,"upper_bound":12898.423056337691},"point_estimate":9401.298244144678,"standard_error":2099.8192980195545}}