{"mean":{"confidence_interval":{"confidence_level":0.95,"lower_bound":1827843.318358334,"upper_bound":2010127.9782999998},"point_estimate":1917963.525,"standard_error":46528.604978321375},"median":{"confidence_interval":{"confidence_level":0.95,"lower_bound":1790279.6333333333,"upper_bound":2013941.2666666666},"point_estimate":1882979.9,"standard_error":59571.35121031491},"median_abs_dev":{"confidence_interval":{"confidence_level":0.95,"lower_bound":319302.0707112555,"upper_bound":576020.8290135862},"point_estimate":407930.7357677818,"standard_error":59990.61875998738},"slope":null,"std_dev":{"confidence_interval":{"confidence_level":0.95,"lower_bound":398217.0426974707,"upper_bound":526664.074274484},"point_estimate":465812.02368811687,"standard_error":32791.63348888352}}