{"mean":{"confidence_interval":{"confidence_level":0.95,"lower_bound":0.3690272173532737,"upper_bound":0.6803698579912201},"point_estimate":0.5195670482164223,"standard_error":0.08019230932559457},"median":{"confidence_interval":{"confidence_level":0.95,"lower_bound":0.41341732867947595,"upper_bound":0.9429035508539658},"point_estimate":0.8062153965077707,"standard_error":0.12004290870924506}}