{"mean":{"confidence_interval":{"confidence_level":0.95,"lower_bound":0.1674178659531449,"upper_bound":0.40422655067725155},"point_estimate":0.27891798098334397,"standard_error":0.06046793935846777},"median":{"confidence_interval":{"confidence_level":0.95,"lower_bound":0.07756899642678805,"upper_bound":1.0506290924945638},"point_estimate":0.5719676522469106,"standard_error":0.29147949447247823}}