{"mean":{"confidence_interval":{"confidence_level":0.95,"lower_bound":531684.4842869319,"upper_bound":574986.3926221592},"point_estimate":553191.3629545455,"standard_error":11083.1799228879},"median":{"confidence_interval":{"confidence_level":0.95,"lower_bound":486830.1022727273,"upper_bound":577457.8863636364},"point_estimate":542206.75,"standard_error":24521.32640266404},"median_abs_dev":{"confidence_interval":{"confidence_level":0.95,"lower_bound":77655.58772588322,"upper_bound":163208.67382860315},"point_estimate":128750.2874130891,"standard_error":20802.830874413135},"slope":null,"std_dev":{"confidence_interval":{"confidence_level":0.95,"lower_bound":97460.80570164687,"upper_bound":124232.84978272856},"point_estimate":111532.17408161674,"standard_error":6843.723620180965}}