{"mean":{"confidence_interval":{"confidence_level":0.95,"lower_bound":-0.03460171798250476,"upper_bound":0.1357931907101849},"point_estimate":0.0463133843430763,"standard_error":0.04366799838554244},"median":{"confidence_interval":{"confidence_level":0.95,"lower_bound":-0.03273513845793663,"upper_bound":0.16044707324263663},"point_estimate":-0.029762056873805953,"standard_error":0.059405107558221114}}