{"mean":{"confidence_interval":{"confidence_level":0.95,"lower_bound":2712136.3508593747,"upper_bound":3018325.24496875},"point_estimate":2863683.425,"standard_error":77895.53860921701},"median":{"confidence_interval":{"confidence_level":0.95,"lower_bound":2484653.25,"upper_bound":3050974.0},"point_estimate":2725826.1875,"standard_error":143440.60447570356},"median_abs_dev":{"confidence_interval":{"confidence_level":0.95,"lower_bound":570838.9177851147,"upper_bound":1070214.6033583297},"point_estimate":780038.3782390505,"standard_error":133173.10269651373},"slope":null,"std_dev":{"confidence_interval":{"confidence_level":0.95,"lower_bound":690483.557785243,"upper_bound":859732.2043996503},"point_estimate":780485.6554054879,"standard_error":43235.14969644123}}