{"mean":{"confidence_interval":{"confidence_level":0.95,"lower_bound":275146.0789986188,"upper_bound":300153.46453038673},"point_estimate":287572.5970718232,"standard_error":6398.57364120455},"median":{"confidence_interval":{"confidence_level":0.95,"lower_bound":263807.5966850829,"upper_bound":305091.3756906077},"point_estimate":285748.03038674034,"standard_error":10356.60194681256},"median_abs_dev":{"confidence_interval":{"confidence_level":0.95,"lower_bound":64270.21329378222,"upper_bound":97098.26955737654},"point_estimate":91987.2273094417,"standard_error":9383.995287978365},"slope":null,"std_dev":{"confidence_interval":{"confidence_level":0.95,"lower_bound":56247.032271567805,"upper_bound":72083.28213456554},"point_estimate":64360.21092332466,"standard_error":4053.3611900488054}}