{"mean":{"confidence_interval":{"confidence_level":0.95,"lower_bound":-0.255994314962682,"upper_bound":-0.08780580999569018},"point_estimate":-0.17436585064547228,"standard_error":0.04270637832942986},"median":{"confidence_interval":{"confidence_level":0.95,"lower_bound":-0.45713597668238215,"upper_bound":-0.2973405427573947},"point_estimate":-0.41511382017940734,"standard_error":0.04391126294073805}}