{"mean":{"confidence_interval":{"confidence_level":0.95,"lower_bound":-0.1914230598269124,"upper_bound":0.018266188146347728},"point_estimate":-0.09208416874843339,"standard_error":0.05337124200219605},"median":{"confidence_interval":{"confidence_level":0.95,"lower_bound":-0.02555924277042443,"upper_bound":0.030476529727547996},"point_estimate":0.02035303358449858,"standard_error":0.017565747295215955}}