{"mean":{"confidence_interval":{"confidence_level":0.95,"lower_bound":1593182.8388709684,"upper_bound":1745424.444903226},"point_estimate":1668428.5919354847,"standard_error":38812.97875977008},"median":{"confidence_interval":{"confidence_level":0.95,"lower_bound":1550264.8064516129,"upper_bound":1786529.8387096776},"point_estimate":1593751.2741935484,"standard_error":64440.86150772587},"median_abs_dev":{"confidence_interval":{"confidence_level":0.95,"lower_bound":342397.3052792973,"upper_bound":553657.6863706112},"point_estimate":402655.83556755894,"standard_error":55927.206588689325},"slope":null,"std_dev":{"confidence_interval":{"confidence_level":0.95,"lower_bound":334191.0372860567,"upper_bound":442863.15156100295},"point_estimate":390176.16708958143,"standard_error":27683.768681107253}}