{"mean":{"confidence_interval":{"confidence_level":0.95,"lower_bound":-0.2662077069242583,"upper_bound":-0.08568120050055751},"point_estimate":-0.18218520287802742,"standard_error":0.045711267635371096},"median":{"confidence_interval":{"confidence_level":0.95,"lower_bound":-0.4959499445940987,"upper_bound":-0.23953245568591885},"point_estimate":-0.46360687575175596,"standard_error":0.06048659529628646}}