{"mean":{"confidence_interval":{"confidence_level":0.95,"lower_bound":-0.03871007170039437,"upper_bound":0.20202649009963952},"point_estimate":0.07808409575661646,"standard_error":0.06113544998181846},"median":{"confidence_interval":{"confidence_level":0.95,"lower_bound":-0.047751534827192854,"upper_bound":0.07173701288975431},"point_estimate":0.018679460238869572,"standard_error":0.029815427045897826}}