{"mean":{"confidence_interval":{"confidence_level":0.95,"lower_bound":151850.8873353825,"upper_bound":158903.67318647538},"point_estimate":155287.21098360652,"standard_error":1799.1601362083472},"median":{"confidence_interval":{"confidence_level":0.95,"lower_bound":142663.74043715847,"upper_bound":154615.3674863388},"point_estimate":144349.05327868852,"standard_error":4110.72530158157},"median_abs_dev":{"confidence_interval":{"confidence_level":0.95,"lower_bound":3545.030214112308,"upper_bound":19071.368303116353},"point_estimate":10652.290422359461,"standard_error":4367.258653340124},"slope":null,"std_dev":{"confidence_interval":{"confidence_level":0.95,"lower_bound":14942.065556314486,"upper_bound":21556.418414310185},"point_estimate":18111.51643300362,"standard_error":1718.7324534989461}}