{"mean":{"confidence_interval":{"confidence_level":0.95,"lower_bound":-0.08535754118199775,"upper_bound":0.15934103861545623},"point_estimate":0.02534060539382499,"standard_error":0.06257421926543111},"median":{"confidence_interval":{"confidence_level":0.95,"lower_bound":-0.13056684387397854,"upper_bound":0.7167568268775404},"point_estimate":0.2128716767251162,"standard_error":0.21611208369078358}}