{"mean":{"confidence_interval":{"confidence_level":0.95,"lower_bound":-0.34585059806541074,"upper_bound":-0.20455055395660793},"point_estimate":-0.27560724743442444,"standard_error":0.03594116629247604},"median":{"confidence_interval":{"confidence_level":0.95,"lower_bound":-0.4963059628374887,"upper_bound":-0.21607416317864014},"point_estimate":-0.4843622040642578,"standard_error":0.05270275627370388}}