{"mean":{"confidence_interval":{"confidence_level":0.95,"lower_bound":0.2840804730047332,"upper_bound":0.549672264006287},"point_estimate":0.4119750804681115,"standard_error":0.06778373512957801},"median":{"confidence_interval":{"confidence_level":0.95,"lower_bound":0.9053082259277707,"upper_bound":0.9946043886747942},"point_estimate":0.9777258967144458,"standard_error":0.03414443046404009}}