{"mean":{"confidence_interval":{"confidence_level":0.95,"lower_bound":582265.8262977527,"upper_bound":637488.3261713482},"point_estimate":609289.9467415729,"standard_error":14096.525908146084},"median":{"confidence_interval":{"confidence_level":0.95,"lower_bound":547152.8651685393,"upper_bound":619965.5393258426},"point_estimate":594417.8370786516,"standard_error":19498.204132614243},"median_abs_dev":{"confidence_interval":{"confidence_level":0.95,"lower_bound":90025.30282869763,"upper_bound":152846.61195834022},"point_estimate":115995.40686426531,"standard_error":15222.168388599552},"slope":null,"std_dev":{"confidence_interval":{"confidence_level":0.95,"lower_bound":117727.82127230389,"upper_bound":164063.8132727181},"point_estimate":141782.29506252246,"standard_error":11849.41036609579}}