{"mean":{"confidence_interval":{"confidence_level":0.95,"lower_bound":-0.11538388344369309,"upper_bound":0.04285908889395465},"point_estimate":-0.03947390079704016,"standard_error":0.040360005436110756},"median":{"confidence_interval":{"confidence_level":0.95,"lower_bound":-0.06363656481939606,"upper_bound":0.07444214299497343},"point_estimate":-0.01659593553199834,"standard_error":0.0390128282888432}}