{"mean":{"confidence_interval":{"confidence_level":0.95,"lower_bound":0.05353776288359168,"upper_bound":0.2521812285680779},"point_estimate":0.14757736436029667,"standard_error":0.05078077433169365},"median":{"confidence_interval":{"confidence_level":0.95,"lower_bound":-0.018702398322008595,"upper_bound":0.1539494446960603},"point_estimate":0.03725785081488153,"standard_error":0.04509995304478411}}