{"mean":{"confidence_interval":{"confidence_level":0.95,"lower_bound":163955.5821747104,"upper_bound":179839.17303571437},"point_estimate":172164.56050193057,"standard_error":4056.5338248511057},"median":{"confidence_interval":{"confidence_level":0.95,"lower_bound":188066.38996138997,"upper_bound":188449.33976833976},"point_estimate":188306.17953667953,"standard_error":104.94341307367146},"median_abs_dev":{"confidence_interval":{"confidence_level":0.95,"lower_bound":659.5967072087388,"upper_bound":23564.630022184716},"point_estimate":1366.2216000690423,"standard_error":6004.317948438797},"slope":null,"std_dev":{"confidence_interval":{"confidence_level":0.95,"lower_bound":34836.178690629844,"upper_bound":45234.608207839825},"point_estimate":40693.7696004212,"standard_error":2648.719559712902}}