{"mean":{"confidence_interval":{"confidence_level":0.95,"lower_bound":265261.18119359744,"upper_bound":293431.330902439},"point_estimate":279250.06640243897,"standard_error":7181.091337262125},"median":{"confidence_interval":{"confidence_level":0.95,"lower_bound":248480.0304878049,"upper_bound":288457.3231707317},"point_estimate":265519.06097560975,"standard_error":11096.053743398148},"median_abs_dev":{"confidence_interval":{"confidence_level":0.95,"lower_bound":40641.82149980488,"upper_bound":79474.86097445078},"point_estimate":55656.73973018804,"standard_error":10513.066240548842},"slope":null,"std_dev":{"confidence_interval":{"confidence_level":0.95,"lower_bound":60757.147000182,"upper_bound":81969.00179456688},"point_estimate":71945.19947625288,"standard_error":5428.675914867439}}