{"mean":{"confidence_interval":{"confidence_level":0.95,"lower_bound":-0.24275144005118826,"upper_bound":-0.11434645546651144},"point_estimate":-0.17994181239617568,"standard_error":0.0326842591379506},"median":{"confidence_interval":{"confidence_level":0.95,"lower_bound":-0.2089966167189815,"upper_bound":-0.041378062794362735},"point_estimate":-0.09303013078746969,"standard_error":0.04940545898561351}}