{"mean":{"confidence_interval":{"confidence_level":0.95,"lower_bound":298026.7647839505,"upper_bound":328713.54022530856},"point_estimate":313180.4319135803,"standard_error":7784.077107272961},"median":{"confidence_interval":{"confidence_level":0.95,"lower_bound":286773.7160493827,"upper_bound":311904.33950617287},"point_estimate":311315.0030864198,"standard_error":7618.8800302973},"median_abs_dev":{"confidence_interval":{"confidence_level":0.95,"lower_bound":73076.90037234791,"upper_bound":109964.49495885108},"point_estimate":109067.57230995984,"standard_error":12117.321973698792},"slope":null,"std_dev":{"confidence_interval":{"confidence_level":0.95,"lower_bound":67880.18136798561,"upper_bound":87237.7980698101},"point_estimate":78256.10014494618,"standard_error":4948.325280423752}}