{"mean":{"confidence_interval":{"confidence_level":0.95,"lower_bound":2199268.743607144,"upper_bound":2449014.4799166657},"point_estimate":2322652.303809525,"standard_error":63784.61606837129},"median":{"confidence_interval":{"confidence_level":0.95,"lower_bound":1914820.6666666667,"upper_bound":2475958.8571428573},"point_estimate":1935744.3571428573,"standard_error":181994.33954340775},"median_abs_dev":{"confidence_interval":{"confidence_level":0.95,"lower_bound":291417.1327263118,"upper_bound":842222.3320475647},"point_estimate":577728.6500432661,"standard_error":122381.70614285543},"slope":null,"std_dev":{"confidence_interval":{"confidence_level":0.95,"lower_bound":557958.2502846019,"upper_bound":711322.7191882117},"point_estimate":639505.9269443147,"standard_error":38986.444687554285}}