{"mean":{"confidence_interval":{"confidence_level":0.95,"lower_bound":4893188.12397222,"upper_bound":5423531.68822222},"point_estimate":5156967.676666666,"standard_error":135080.37811378343},"median":{"confidence_interval":{"confidence_level":0.95,"lower_bound":4307027.111111111,"upper_bound":5437102.0},"point_estimate":4732915.055555556,"standard_error":310944.0566649622},"median_abs_dev":{"confidence_interval":{"confidence_level":0.95,"lower_bound":709619.3787684033,"upper_bound":1840159.9127831305},"point_estimate":1313874.331007401,"standard_error":276409.63629965694},"slope":null,"std_dev":{"confidence_interval":{"confidence_level":0.95,"lower_bound":1202630.9755527324,"upper_bound":1500410.0381780548},"point_estimate":1360724.1541184888,"standard_error":76031.16510540424}}