{"mean":{"confidence_interval":{"confidence_level":0.95,"lower_bound":0.036342635023699985,"upper_bound":0.20679264029074215},"point_estimate":0.11604803293878119,"standard_error":0.043584155059270005},"median":{"confidence_interval":{"confidence_level":0.95,"lower_bound":0.00999978830440118,"upper_bound":0.06736426834168885},"point_estimate":0.01753236875017139,"standard_error":0.01371994691792157}}