{"mean":{"confidence_interval":{"confidence_level":0.95,"lower_bound":872762.0303124997,"upper_bound":982656.5676249999},"point_estimate":925719.1599999997,"standard_error":28005.773297390522},"median":{"confidence_interval":{"confidence_level":0.95,"lower_bound":813458.1428571428,"upper_bound":956357.7410714286},"point_estimate":876839.0625,"standard_error":34052.5404934197},"median_abs_dev":{"confidence_interval":{"confidence_level":0.95,"lower_bound":190244.15752249106,"upper_bound":313325.92731235275},"point_estimate":246724.25359476884,"standard_error":28521.068578046976},"slope":null,"std_dev":{"confidence_interval":{"confidence_level":0.95,"lower_bound":219283.46146705758,"upper_bound":346106.40520987735},"point_estimate":281678.8928747177,"standard_error":32873.377297727195}}