{"mean":{"confidence_interval":{"confidence_level":0.95,"lower_bound":0.16295495143756786,"upper_bound":0.36810482246028403},"point_estimate":0.2678894963457936,"standard_error":0.05213216541519728},"median":{"confidence_interval":{"confidence_level":0.95,"lower_bound":-0.0012199313312397653,"upper_bound":0.019543345168523185},"point_estimate":0.005568740993610488,"standard_error":0.005141399768700627}}