{"mean":{"confidence_interval":{"confidence_level":0.95,"lower_bound":-0.1595780123700388,"upper_bound":-0.011232863133372392},"point_estimate":-0.08925547956885238,"standard_error":0.03799296688749263},"median":{"confidence_interval":{"confidence_level":0.95,"lower_bound":-0.3846961821728597,"upper_bound":0.008730193704771905},"point_estimate":-0.07566694111187877,"standard_error":0.11101938672459473}}