{"mean":{"confidence_interval":{"confidence_level":0.95,"lower_bound":267166.80496721296,"upper_bound":292301.95473907096},"point_estimate":279541.95661202184,"standard_error":6398.074193199249},"median":{"confidence_interval":{"confidence_level":0.95,"lower_bound":244668.57923497268,"upper_bound":288307.2131147541},"point_estimate":276505.34972677595,"standard_error":11826.714874678322},"median_abs_dev":{"confidence_interval":{"confidence_level":0.95,"lower_bound":42971.30901251659,"upper_bound":95924.42083798476},"point_estimate":80316.28075115016,"standard_error":12658.378119558545},"slope":null,"std_dev":{"confidence_interval":{"confidence_level":0.95,"lower_bound":54084.193576837315,"upper_bound":73834.71173419186},"point_estimate":64303.88087102522,"standard_error":5059.357647613384}}