{"mean":{"confidence_interval":{"confidence_level":0.95,"lower_bound":-0.12568760491752257,"upper_bound":0.07168582218136761},"point_estimate":-0.03333583840932364,"standard_error":0.05021929298330115},"median":{"confidence_interval":{"confidence_level":0.95,"lower_bound":-0.37147996426707597,"upper_bound":0.2511716115380256},"point_estimate":0.10496607012285453,"standard_error":0.18864214365513152}}