{"mean":{"confidence_interval":{"confidence_level":0.95,"lower_bound":0.05219798650301273,"upper_bound":0.28702211769772007},"point_estimate":0.1665193106343572,"standard_error":0.06001535008179779},"median":{"confidence_interval":{"confidence_level":0.95,"lower_bound":0.022513341153755473,"upper_bound":0.8845071104343781},"point_estimate":0.12428489196781634,"standard_error":0.2333664827575435}}