{"mean":{"confidence_interval":{"confidence_level":0.95,"lower_bound":253317.15435714295,"upper_bound":276404.44434340665},"point_estimate":264747.24467032956,"standard_error":5864.372147061049},"median":{"confidence_interval":{"confidence_level":0.95,"lower_bound":230139.7857142857,"upper_bound":269619.73351648357},"point_estimate":257927.68956043955,"standard_error":9324.438719491189},"median_abs_dev":{"confidence_interval":{"confidence_level":0.95,"lower_bound":38725.05920095433,"upper_bound":75084.23098237306},"point_estimate":58268.134042456906,"standard_error":9341.182291100473},"slope":null,"std_dev":{"confidence_interval":{"confidence_level":0.95,"lower_bound":51637.57527091768,"upper_bound":65240.79879432373},"point_estimate":58880.17580369681,"standard_error":3457.160496929595}}