{"mean":{"confidence_interval":{"confidence_level":0.95,"lower_bound":200445.73756174094,"upper_bound":218745.4934068826},"point_estimate":209190.70145748986,"standard_error":4683.433077418509},"median":{"confidence_interval":{"confidence_level":0.95,"lower_bound":193596.2935222672,"upper_bound":202434.7935222672},"point_estimate":194998.1255060729,"standard_error":2325.294941945261},"median_abs_dev":{"confidence_interval":{"confidence_level":0.95,"lower_bound":15660.079269346446,"upper_bound":31367.316622471048},"point_estimate":21649.618096209226,"standard_error":3728.403367468102},"slope":null,"std_dev":{"confidence_interval":{"confidence_level":0.95,"lower_bound":35144.33839548493,"upper_bound":57416.09825752246},"point_estimate":47021.63207421125,"standard_error":5706.94559521408}}