{"mean":{"confidence_interval":{"confidence_level":0.95,"lower_bound":0.02959532853694265,"upper_bound":0.2508001874448536},"point_estimate":0.13270361729786906,"standard_error":0.05657695980457044},"median":{"confidence_interval":{"confidence_level":0.95,"lower_bound":0.028352113938095114,"upper_bound":0.910144575811391},"point_estimate":0.8350191647267717,"standard_error":0.28789886380252394}}