{"mean":{"confidence_interval":{"confidence_level":0.95,"lower_bound":-0.03532195539105295,"upper_bound":0.21253654695389418},"point_estimate":0.08099366041762246,"standard_error":0.0631238112679351},"median":{"confidence_interval":{"confidence_level":0.95,"lower_bound":-0.005077484677384114,"upper_bound":0.9054259087794193},"point_estimate":0.10674673560864889,"standard_error":0.326523306752924}}